id,experiment_id,period,total_sales,predicted_sales,growth_rate,conversion_rate,avg_ticket,top_products,sales_by_region,sales_trend,seasonality_index
3882dc93-ed4e-4440-82bf-b89d9776c011,ea647509-0e5d-4450-b65f-7c15d1665d21,monthly,1661866.49,1505281.82,0.0602,0.033,508.6,"[{""name"": ""Product 0"", ""sales"": 91083}, {""name"": ""Product 1"", ""sales"": 150739}, {""name"": ""Product 2"", ""sales"": 185659}, {""name"": ""Product 3"", ""sales"": 163189}, {""name"": ""Product 4"", ""sales"": 97268}]","{""Sul"": 350000, ""Sudeste"": 850000, ""Nordeste"": 420000, ""Norte"": 180000, ""Centro-Oeste"": 200000}","[{""month"": 0, ""value"": 50000.0}, {""month"": 1, ""value"": 51500.0}, {""month"": 2, ""value"": 53000.0}, {""month"": 3, ""value"": 54500.0}, {""month"": 4, ""value"": 56000.0}, {""month"": 5, ""value"": 57500.0}, {""month"": 6, ""value"": 59000.0}, {""month"": 7, ""value"": 60500.0}, {""month"": 8, ""value"": 62000.0}, {""month"": 9, ""value"": 63500.0}, {""month"": 10, ""value"": 65000.0}, {""month"": 11, ""value"": 66500.0}]","[1.2, 0.9, 0.95, 1.0, 1.8, 1.6, 1.0, 1.7, 1.1, 1.1, 2.5, 2.2]"
b1a3d59a-379d-4ec7-ac89-9c668e324169,cb785ad2-5018-47c3-afb2-b24872f269bd,monthly,1914798.92,557659.93,0.0913,0.054,262.02,"[{""name"": ""Product 0"", ""sales"": 197682}, {""name"": ""Product 1"", ""sales"": 90856}, {""name"": ""Product 2"", ""sales"": 155349}, {""name"": ""Product 3"", ""sales"": 101854}, {""name"": ""Product 4"", ""sales"": 89500}]","{""Sul"": 350000, ""Sudeste"": 850000, ""Nordeste"": 420000, ""Norte"": 180000, ""Centro-Oeste"": 200000}","[{""month"": 0, ""value"": 50000.0}, {""month"": 1, ""value"": 51500.0}, {""month"": 2, ""value"": 53000.0}, {""month"": 3, ""value"": 54500.0}, {""month"": 4, ""value"": 56000.0}, {""month"": 5, ""value"": 57500.0}, {""month"": 6, ""value"": 59000.0}, {""month"": 7, ""value"": 60500.0}, {""month"": 8, ""value"": 62000.0}, {""month"": 9, ""value"": 63500.0}, {""month"": 10, ""value"": 65000.0}, {""month"": 11, ""value"": 66500.0}]","[1.2, 0.9, 0.95, 1.0, 1.8, 1.6, 1.0, 1.7, 1.1, 1.1, 2.5, 2.2]"
5a5669a3-a451-4851-8785-dc57ee13606f,ef7890d7-7066-48ae-b297-c0b5dc6dbc3e,monthly,1116934.6,1260356.03,0.2236,0.0278,755.31,"[{""name"": ""Product 0"", ""sales"": 132893}, {""name"": ""Product 1"", ""sales"": 189090}, {""name"": ""Product 2"", ""sales"": 59254}, {""name"": ""Product 3"", ""sales"": 75444}, {""name"": ""Product 4"", ""sales"": 67133}]","{""Sul"": 350000, ""Sudeste"": 850000, ""Nordeste"": 420000, ""Norte"": 180000, ""Centro-Oeste"": 200000}","[{""month"": 0, ""value"": 50000.0}, {""month"": 1, ""value"": 51500.0}, {""month"": 2, ""value"": 53000.0}, {""month"": 3, ""value"": 54500.0}, {""month"": 4, ""value"": 56000.0}, {""month"": 5, ""value"": 57500.0}, {""month"": 6, ""value"": 59000.0}, {""month"": 7, ""value"": 60500.0}, {""month"": 8, ""value"": 62000.0}, {""month"": 9, ""value"": 63500.0}, {""month"": 10, ""value"": 65000.0}, {""month"": 11, ""value"": 66500.0}]","[1.2, 0.9, 0.95, 1.0, 1.8, 1.6, 1.0, 1.7, 1.1, 1.1, 2.5, 2.2]"
8e8ca852-c987-4ad8-92d3-1ac289b5533f,d14b78e8-a3ee-4c20-94be-94c13260fa29,monthly,628625.09,533696.52,0.2224,0.0232,704.19,"[{""name"": ""Product 0"", ""sales"": 132128}, {""name"": ""Product 1"", ""sales"": 143505}, {""name"": ""Product 2"", ""sales"": 103217}, {""name"": ""Product 3"", ""sales"": 89479}, {""name"": ""Product 4"", ""sales"": 105839}]","{""Sul"": 350000, ""Sudeste"": 850000, ""Nordeste"": 420000, ""Norte"": 180000, ""Centro-Oeste"": 200000}","[{""month"": 0, ""value"": 50000.0}, {""month"": 1, ""value"": 51500.0}, {""month"": 2, ""value"": 53000.0}, {""month"": 3, ""value"": 54500.0}, {""month"": 4, ""value"": 56000.0}, {""month"": 5, ""value"": 57500.0}, {""month"": 6, ""value"": 59000.0}, {""month"": 7, ""value"": 60500.0}, {""month"": 8, ""value"": 62000.0}, {""month"": 9, ""value"": 63500.0}, {""month"": 10, ""value"": 65000.0}, {""month"": 11, ""value"": 66500.0}]","[1.2, 0.9, 0.95, 1.0, 1.8, 1.6, 1.0, 1.7, 1.1, 1.1, 2.5, 2.2]"
b2a2db3a-b2fb-49a8-b408-d3a8913d2147,3a0f035f-3bb8-4847-9cc6-6d6b3503fb7d,monthly,961342.77,624316.47,0.1746,0.0389,737.93,"[{""name"": ""Product 0"", ""sales"": 167077}, {""name"": ""Product 1"", ""sales"": 174541}, {""name"": ""Product 2"", ""sales"": 138767}, {""name"": ""Product 3"", ""sales"": 95932}, {""name"": ""Product 4"", ""sales"": 125953}]","{""Sul"": 350000, ""Sudeste"": 850000, ""Nordeste"": 420000, ""Norte"": 180000, ""Centro-Oeste"": 200000}","[{""month"": 0, ""value"": 50000.0}, {""month"": 1, ""value"": 51500.0}, {""month"": 2, ""value"": 53000.0}, {""month"": 3, ""value"": 54500.0}, {""month"": 4, ""value"": 56000.0}, {""month"": 5, ""value"": 57500.0}, {""month"": 6, ""value"": 59000.0}, {""month"": 7, ""value"": 60500.0}, {""month"": 8, ""value"": 62000.0}, {""month"": 9, ""value"": 63500.0}, {""month"": 10, ""value"": 65000.0}, {""month"": 11, ""value"": 66500.0}]","[1.2, 0.9, 0.95, 1.0, 1.8, 1.6, 1.0, 1.7, 1.1, 1.1, 2.5, 2.2]"
92ed3f5d-bb22-45db-84b1-310091d365ed,6c18c402-d2a4-48cd-b1ed-5e800c74d54b,monthly,954860.72,1787690.77,0.082,0.0728,256.12,"[{""name"": ""Product 0"", ""sales"": 81048}, {""name"": ""Product 1"", ""sales"": 189540}, {""name"": ""Product 2"", ""sales"": 157395}, {""name"": ""Product 3"", ""sales"": 91492}, {""name"": ""Product 4"", ""sales"": 197236}]","{""Sul"": 350000, ""Sudeste"": 850000, ""Nordeste"": 420000, ""Norte"": 180000, ""Centro-Oeste"": 200000}","[{""month"": 0, ""value"": 50000.0}, {""month"": 1, ""value"": 51500.0}, {""month"": 2, ""value"": 53000.0}, {""month"": 3, ""value"": 54500.0}, {""month"": 4, ""value"": 56000.0}, {""month"": 5, ""value"": 57500.0}, {""month"": 6, ""value"": 59000.0}, {""month"": 7, ""value"": 60500.0}, {""month"": 8, ""value"": 62000.0}, {""month"": 9, ""value"": 63500.0}, {""month"": 10, ""value"": 65000.0}, {""month"": 11, ""value"": 66500.0}]","[1.2, 0.9, 0.95, 1.0, 1.8, 1.6, 1.0, 1.7, 1.1, 1.1, 2.5, 2.2]"
2364566e-9744-47f6-a067-930ba5a5654c,545683bf-57a0-46f0-96ae-ee396b5299de,monthly,1328481.81,1261916.93,0.2467,0.0614,737.37,"[{""name"": ""Product 0"", ""sales"": 79716}, {""name"": ""Product 1"", ""sales"": 88442}, {""name"": ""Product 2"", ""sales"": 166628}, {""name"": ""Product 3"", ""sales"": 75446}, {""name"": ""Product 4"", ""sales"": 60322}]","{""Sul"": 350000, ""Sudeste"": 850000, ""Nordeste"": 420000, ""Norte"": 180000, ""Centro-Oeste"": 200000}","[{""month"": 0, ""value"": 50000.0}, {""month"": 1, ""value"": 51500.0}, {""month"": 2, ""value"": 53000.0}, {""month"": 3, ""value"": 54500.0}, {""month"": 4, ""value"": 56000.0}, {""month"": 5, ""value"": 57500.0}, {""month"": 6, ""value"": 59000.0}, {""month"": 7, ""value"": 60500.0}, {""month"": 8, ""value"": 62000.0}, {""month"": 9, ""value"": 63500.0}, {""month"": 10, ""value"": 65000.0}, {""month"": 11, ""value"": 66500.0}]","[1.2, 0.9, 0.95, 1.0, 1.8, 1.6, 1.0, 1.7, 1.1, 1.1, 2.5, 2.2]"
61579d89-e407-4f42-946d-37eef7d59b50,d412645b-5237-46d1-b61d-3fc81c382a72,monthly,703398.11,1121899.65,0.1259,0.0302,162.97,"[{""name"": ""Product 0"", ""sales"": 144996}, {""name"": ""Product 1"", ""sales"": 165588}, {""name"": ""Product 2"", ""sales"": 199922}, {""name"": ""Product 3"", ""sales"": 97666}, {""name"": ""Product 4"", ""sales"": 167265}]","{""Sul"": 350000, ""Sudeste"": 850000, ""Nordeste"": 420000, ""Norte"": 180000, ""Centro-Oeste"": 200000}","[{""month"": 0, ""value"": 50000.0}, {""month"": 1, ""value"": 51500.0}, {""month"": 2, ""value"": 53000.0}, {""month"": 3, ""value"": 54500.0}, {""month"": 4, ""value"": 56000.0}, {""month"": 5, ""value"": 57500.0}, {""month"": 6, ""value"": 59000.0}, {""month"": 7, ""value"": 60500.0}, {""month"": 8, ""value"": 62000.0}, {""month"": 9, ""value"": 63500.0}, {""month"": 10, ""value"": 65000.0}, {""month"": 11, ""value"": 66500.0}]","[1.2, 0.9, 0.95, 1.0, 1.8, 1.6, 1.0, 1.7, 1.1, 1.1, 2.5, 2.2]"
1ffce48a-09a3-489c-a2fc-c81401c777ef,0d7c8f71-eb44-4985-9544-e0062fe27738,monthly,1840982.06,2053068.8,0.2393,0.054,725.64,"[{""name"": ""Product 0"", ""sales"": 72284}, {""name"": ""Product 1"", ""sales"": 146984}, {""name"": ""Product 2"", ""sales"": 68059}, {""name"": ""Product 3"", ""sales"": 96461}, {""name"": ""Product 4"", ""sales"": 85374}]","{""Sul"": 350000, ""Sudeste"": 850000, ""Nordeste"": 420000, ""Norte"": 180000, ""Centro-Oeste"": 200000}","[{""month"": 0, ""value"": 50000.0}, {""month"": 1, ""value"": 51500.0}, {""month"": 2, ""value"": 53000.0}, {""month"": 3, ""value"": 54500.0}, {""month"": 4, ""value"": 56000.0}, {""month"": 5, ""value"": 57500.0}, {""month"": 6, ""value"": 59000.0}, {""month"": 7, ""value"": 60500.0}, {""month"": 8, ""value"": 62000.0}, {""month"": 9, ""value"": 63500.0}, {""month"": 10, ""value"": 65000.0}, {""month"": 11, ""value"": 66500.0}]","[1.2, 0.9, 0.95, 1.0, 1.8, 1.6, 1.0, 1.7, 1.1, 1.1, 2.5, 2.2]"
4354692a-a741-4088-b4ed-30abff947d0a,4d1ff1ce-8b6e-4cf6-8c67-717ba332d72d,monthly,1436046.65,1590249.59,0.2334,0.0267,757.77,"[{""name"": ""Product 0"", ""sales"": 101676}, {""name"": ""Product 1"", ""sales"": 134069}, {""name"": ""Product 2"", ""sales"": 126637}, {""name"": ""Product 3"", ""sales"": 71777}, {""name"": ""Product 4"", ""sales"": 142985}]","{""Sul"": 350000, ""Sudeste"": 850000, ""Nordeste"": 420000, ""Norte"": 180000, ""Centro-Oeste"": 200000}","[{""month"": 0, ""value"": 50000.0}, {""month"": 1, ""value"": 51500.0}, {""month"": 2, ""value"": 53000.0}, {""month"": 3, ""value"": 54500.0}, {""month"": 4, ""value"": 56000.0}, {""month"": 5, ""value"": 57500.0}, {""month"": 6, ""value"": 59000.0}, {""month"": 7, ""value"": 60500.0}, {""month"": 8, ""value"": 62000.0}, {""month"": 9, ""value"": 63500.0}, {""month"": 10, ""value"": 65000.0}, {""month"": 11, ""value"": 66500.0}]","[1.2, 0.9, 0.95, 1.0, 1.8, 1.6, 1.0, 1.7, 1.1, 1.1, 2.5, 2.2]"
16c51e13-14a2-4006-b2be-3e8897e5f3d6,6b71db46-6b49-486d-bbb9-21f2fc7252d5,monthly,1404218.84,1782921.92,0.0532,0.0735,421.53,"[{""name"": ""Product 0"", ""sales"": 94318}, {""name"": ""Product 1"", ""sales"": 145739}, {""name"": ""Product 2"", ""sales"": 116247}, {""name"": ""Product 3"", ""sales"": 100337}, {""name"": ""Product 4"", ""sales"": 184590}]","{""Sul"": 350000, ""Sudeste"": 850000, ""Nordeste"": 420000, ""Norte"": 180000, ""Centro-Oeste"": 200000}","[{""month"": 0, ""value"": 50000.0}, {""month"": 1, ""value"": 51500.0}, {""month"": 2, ""value"": 53000.0}, {""month"": 3, ""value"": 54500.0}, {""month"": 4, ""value"": 56000.0}, {""month"": 5, ""value"": 57500.0}, {""month"": 6, ""value"": 59000.0}, {""month"": 7, ""value"": 60500.0}, {""month"": 8, ""value"": 62000.0}, {""month"": 9, ""value"": 63500.0}, {""month"": 10, ""value"": 65000.0}, {""month"": 11, ""value"": 66500.0}]","[1.2, 0.9, 0.95, 1.0, 1.8, 1.6, 1.0, 1.7, 1.1, 1.1, 2.5, 2.2]"
70a8f733-21df-4b4c-8b28-073dec14916e,0fda7499-c3fc-46b6-b4b5-eab34c6d5082,monthly,920368.76,1342281.94,0.2332,0.0494,738.78,"[{""name"": ""Product 0"", ""sales"": 63634}, {""name"": ""Product 1"", ""sales"": 112601}, {""name"": ""Product 2"", ""sales"": 130382}, {""name"": ""Product 3"", ""sales"": 118973}, {""name"": ""Product 4"", ""sales"": 167684}]","{""Sul"": 350000, ""Sudeste"": 850000, ""Nordeste"": 420000, ""Norte"": 180000, ""Centro-Oeste"": 200000}","[{""month"": 0, ""value"": 50000.0}, {""month"": 1, ""value"": 51500.0}, {""month"": 2, ""value"": 53000.0}, {""month"": 3, ""value"": 54500.0}, {""month"": 4, ""value"": 56000.0}, {""month"": 5, ""value"": 57500.0}, {""month"": 6, ""value"": 59000.0}, {""month"": 7, ""value"": 60500.0}, {""month"": 8, ""value"": 62000.0}, {""month"": 9, ""value"": 63500.0}, {""month"": 10, ""value"": 65000.0}, {""month"": 11, ""value"": 66500.0}]","[1.2, 0.9, 0.95, 1.0, 1.8, 1.6, 1.0, 1.7, 1.1, 1.1, 2.5, 2.2]"
d75ccd54-490c-4840-8fe8-0a2742afd364,8efc0726-9286-44cc-b384-05b95fa98974,monthly,1994230.9,1053278.17,0.1046,0.0797,576.85,"[{""name"": ""Product 0"", ""sales"": 71035}, {""name"": ""Product 1"", ""sales"": 137272}, {""name"": ""Product 2"", ""sales"": 194513}, {""name"": ""Product 3"", ""sales"": 58224}, {""name"": ""Product 4"", ""sales"": 84249}]","{""Sul"": 350000, ""Sudeste"": 850000, ""Nordeste"": 420000, ""Norte"": 180000, ""Centro-Oeste"": 200000}","[{""month"": 0, ""value"": 50000.0}, {""month"": 1, ""value"": 51500.0}, {""month"": 2, ""value"": 53000.0}, {""month"": 3, ""value"": 54500.0}, {""month"": 4, ""value"": 56000.0}, {""month"": 5, ""value"": 57500.0}, {""month"": 6, ""value"": 59000.0}, {""month"": 7, ""value"": 60500.0}, {""month"": 8, ""value"": 62000.0}, {""month"": 9, ""value"": 63500.0}, {""month"": 10, ""value"": 65000.0}, {""month"": 11, ""value"": 66500.0}]","[1.2, 0.9, 0.95, 1.0, 1.8, 1.6, 1.0, 1.7, 1.1, 1.1, 2.5, 2.2]"
fd77f239-5926-4bd4-a1e2-664272ef5cd7,68af54b0-0b7b-4b4b-a516-991b03504dcf,monthly,1808060.04,1983941.35,0.0521,0.0544,346.76,"[{""name"": ""Product 0"", ""sales"": 102335}, {""name"": ""Product 1"", ""sales"": 173239}, {""name"": ""Product 2"", ""sales"": 149619}, {""name"": ""Product 3"", ""sales"": 151815}, {""name"": ""Product 4"", ""sales"": 59432}]","{""Sul"": 350000, ""Sudeste"": 850000, ""Nordeste"": 420000, ""Norte"": 180000, ""Centro-Oeste"": 200000}","[{""month"": 0, ""value"": 50000.0}, {""month"": 1, ""value"": 51500.0}, {""month"": 2, ""value"": 53000.0}, {""month"": 3, ""value"": 54500.0}, {""month"": 4, ""value"": 56000.0}, {""month"": 5, ""value"": 57500.0}, {""month"": 6, ""value"": 59000.0}, {""month"": 7, ""value"": 60500.0}, {""month"": 8, ""value"": 62000.0}, {""month"": 9, ""value"": 63500.0}, {""month"": 10, ""value"": 65000.0}, {""month"": 11, ""value"": 66500.0}]","[1.2, 0.9, 0.95, 1.0, 1.8, 1.6, 1.0, 1.7, 1.1, 1.1, 2.5, 2.2]"
b7eff616-aef1-455d-afe0-42bca84c8729,d659b5df-d1e6-4fb0-8a76-c1bc63050eb9,monthly,1542932.42,947048.23,0.125,0.042,483.18,"[{""name"": ""Product 0"", ""sales"": 161283}, {""name"": ""Product 1"", ""sales"": 156743}, {""name"": ""Product 2"", ""sales"": 139686}, {""name"": ""Product 3"", ""sales"": 84692}, {""name"": ""Product 4"", ""sales"": 140764}]","{""Sul"": 350000, ""Sudeste"": 850000, ""Nordeste"": 420000, ""Norte"": 180000, ""Centro-Oeste"": 200000}","[{""month"": 0, ""value"": 50000.0}, {""month"": 1, ""value"": 51500.0}, {""month"": 2, ""value"": 53000.0}, {""month"": 3, ""value"": 54500.0}, {""month"": 4, ""value"": 56000.0}, {""month"": 5, ""value"": 57500.0}, {""month"": 6, ""value"": 59000.0}, {""month"": 7, ""value"": 60500.0}, {""month"": 8, ""value"": 62000.0}, {""month"": 9, ""value"": 63500.0}, {""month"": 10, ""value"": 65000.0}, {""month"": 11, ""value"": 66500.0}]","[1.2, 0.9, 0.95, 1.0, 1.8, 1.6, 1.0, 1.7, 1.1, 1.1, 2.5, 2.2]"
690fc124-8799-4194-9941-fa0bb590333e,f8ac18ab-fb55-4257-93f7-7a913b59713b,monthly,1578675.66,1392764.59,0.1478,0.036,743.68,"[{""name"": ""Product 0"", ""sales"": 72228}, {""name"": ""Product 1"", ""sales"": 133522}, {""name"": ""Product 2"", ""sales"": 183376}, {""name"": ""Product 3"", ""sales"": 79759}, {""name"": ""Product 4"", ""sales"": 56031}]","{""Sul"": 350000, ""Sudeste"": 850000, ""Nordeste"": 420000, ""Norte"": 180000, ""Centro-Oeste"": 200000}","[{""month"": 0, ""value"": 50000.0}, {""month"": 1, ""value"": 51500.0}, {""month"": 2, ""value"": 53000.0}, {""month"": 3, ""value"": 54500.0}, {""month"": 4, ""value"": 56000.0}, {""month"": 5, ""value"": 57500.0}, {""month"": 6, ""value"": 59000.0}, {""month"": 7, ""value"": 60500.0}, {""month"": 8, ""value"": 62000.0}, {""month"": 9, ""value"": 63500.0}, {""month"": 10, ""value"": 65000.0}, {""month"": 11, ""value"": 66500.0}]","[1.2, 0.9, 0.95, 1.0, 1.8, 1.6, 1.0, 1.7, 1.1, 1.1, 2.5, 2.2]"
7b26196c-9b70-476c-98af-d7f917c7b22a,615f77b3-6b66-4964-aeb9-d9a0a314fc01,monthly,1716132.62,1793838.11,0.0714,0.0245,392.7,"[{""name"": ""Product 0"", ""sales"": 90371}, {""name"": ""Product 1"", ""sales"": 199922}, {""name"": ""Product 2"", ""sales"": 112113}, {""name"": ""Product 3"", ""sales"": 72907}, {""name"": ""Product 4"", ""sales"": 69768}]","{""Sul"": 350000, ""Sudeste"": 850000, ""Nordeste"": 420000, ""Norte"": 180000, ""Centro-Oeste"": 200000}","[{""month"": 0, ""value"": 50000.0}, {""month"": 1, ""value"": 51500.0}, {""month"": 2, ""value"": 53000.0}, {""month"": 3, ""value"": 54500.0}, {""month"": 4, ""value"": 56000.0}, {""month"": 5, ""value"": 57500.0}, {""month"": 6, ""value"": 59000.0}, {""month"": 7, ""value"": 60500.0}, {""month"": 8, ""value"": 62000.0}, {""month"": 9, ""value"": 63500.0}, {""month"": 10, ""value"": 65000.0}, {""month"": 11, ""value"": 66500.0}]","[1.2, 0.9, 0.95, 1.0, 1.8, 1.6, 1.0, 1.7, 1.1, 1.1, 2.5, 2.2]"
46006911-2fd7-4bf3-87b8-5c3183ca2dff,5083f6d0-df1e-44a8-bf2f-1434dae2c8d7,monthly,514467.87,541246.61,0.2114,0.0722,551.35,"[{""name"": ""Product 0"", ""sales"": 90958}, {""name"": ""Product 1"", ""sales"": 170786}, {""name"": ""Product 2"", ""sales"": 136743}, {""name"": ""Product 3"", ""sales"": 77743}, {""name"": ""Product 4"", ""sales"": 81975}]","{""Sul"": 350000, ""Sudeste"": 850000, ""Nordeste"": 420000, ""Norte"": 180000, ""Centro-Oeste"": 200000}","[{""month"": 0, ""value"": 50000.0}, {""month"": 1, ""value"": 51500.0}, {""month"": 2, ""value"": 53000.0}, {""month"": 3, ""value"": 54500.0}, {""month"": 4, ""value"": 56000.0}, {""month"": 5, ""value"": 57500.0}, {""month"": 6, ""value"": 59000.0}, {""month"": 7, ""value"": 60500.0}, {""month"": 8, ""value"": 62000.0}, {""month"": 9, ""value"": 63500.0}, {""month"": 10, ""value"": 65000.0}, {""month"": 11, ""value"": 66500.0}]","[1.2, 0.9, 0.95, 1.0, 1.8, 1.6, 1.0, 1.7, 1.1, 1.1, 2.5, 2.2]"
45d668c8-2796-4543-92a8-09d141e42c83,8bf2aea6-a459-452f-81c9-887f40ca64cb,monthly,584249.62,739169.61,0.2336,0.0756,270.62,"[{""name"": ""Product 0"", ""sales"": 74008}, {""name"": ""Product 1"", ""sales"": 51006}, {""name"": ""Product 2"", ""sales"": 163500}, {""name"": ""Product 3"", ""sales"": 111099}, {""name"": ""Product 4"", ""sales"": 105107}]","{""Sul"": 350000, ""Sudeste"": 850000, ""Nordeste"": 420000, ""Norte"": 180000, ""Centro-Oeste"": 200000}","[{""month"": 0, ""value"": 50000.0}, {""month"": 1, ""value"": 51500.0}, {""month"": 2, ""value"": 53000.0}, {""month"": 3, ""value"": 54500.0}, {""month"": 4, ""value"": 56000.0}, {""month"": 5, ""value"": 57500.0}, {""month"": 6, ""value"": 59000.0}, {""month"": 7, ""value"": 60500.0}, {""month"": 8, ""value"": 62000.0}, {""month"": 9, ""value"": 63500.0}, {""month"": 10, ""value"": 65000.0}, {""month"": 11, ""value"": 66500.0}]","[1.2, 0.9, 0.95, 1.0, 1.8, 1.6, 1.0, 1.7, 1.1, 1.1, 2.5, 2.2]"
1c609e04-f55e-4042-8a30-094315432564,9790dede-9b6f-4c8f-b92b-7452c29f6022,monthly,574997.95,645470.89,0.1141,0.0518,459.43,"[{""name"": ""Product 0"", ""sales"": 101720}, {""name"": ""Product 1"", ""sales"": 179840}, {""name"": ""Product 2"", ""sales"": 98775}, {""name"": ""Product 3"", ""sales"": 173000}, {""name"": ""Product 4"", ""sales"": 125514}]","{""Sul"": 350000, ""Sudeste"": 850000, ""Nordeste"": 420000, ""Norte"": 180000, ""Centro-Oeste"": 200000}","[{""month"": 0, ""value"": 50000.0}, {""month"": 1, ""value"": 51500.0}, {""month"": 2, ""value"": 53000.0}, {""month"": 3, ""value"": 54500.0}, {""month"": 4, ""value"": 56000.0}, {""month"": 5, ""value"": 57500.0}, {""month"": 6, ""value"": 59000.0}, {""month"": 7, ""value"": 60500.0}, {""month"": 8, ""value"": 62000.0}, {""month"": 9, ""value"": 63500.0}, {""month"": 10, ""value"": 65000.0}, {""month"": 11, ""value"": 66500.0}]","[1.2, 0.9, 0.95, 1.0, 1.8, 1.6, 1.0, 1.7, 1.1, 1.1, 2.5, 2.2]"
af2af0dc-172a-48ae-a57b-aa686d824eb6,1d7c74f8-64f4-4417-a9b4-77e81e13761c,monthly,1597347.11,1455063.04,0.2222,0.0466,479.93,"[{""name"": ""Product 0"", ""sales"": 70855}, {""name"": ""Product 1"", ""sales"": 96098}, {""name"": ""Product 2"", ""sales"": 101831}, {""name"": ""Product 3"", ""sales"": 119012}, {""name"": ""Product 4"", ""sales"": 87720}]","{""Sul"": 350000, ""Sudeste"": 850000, ""Nordeste"": 420000, ""Norte"": 180000, ""Centro-Oeste"": 200000}","[{""month"": 0, ""value"": 50000.0}, {""month"": 1, ""value"": 51500.0}, {""month"": 2, ""value"": 53000.0}, {""month"": 3, ""value"": 54500.0}, {""month"": 4, ""value"": 56000.0}, {""month"": 5, ""value"": 57500.0}, {""month"": 6, ""value"": 59000.0}, {""month"": 7, ""value"": 60500.0}, {""month"": 8, ""value"": 62000.0}, {""month"": 9, ""value"": 63500.0}, {""month"": 10, ""value"": 65000.0}, {""month"": 11, ""value"": 66500.0}]","[1.2, 0.9, 0.95, 1.0, 1.8, 1.6, 1.0, 1.7, 1.1, 1.1, 2.5, 2.2]"
bcf4f4ce-89e3-4363-a2fa-ffd9134020c7,f4d829db-ad4a-465c-bd62-ccae0881aca8,monthly,1817264.97,1429185.85,0.0879,0.0274,645.08,"[{""name"": ""Product 0"", ""sales"": 99335}, {""name"": ""Product 1"", ""sales"": 99033}, {""name"": ""Product 2"", ""sales"": 134254}, {""name"": ""Product 3"", ""sales"": 109694}, {""name"": ""Product 4"", ""sales"": 92578}]","{""Sul"": 350000, ""Sudeste"": 850000, ""Nordeste"": 420000, ""Norte"": 180000, ""Centro-Oeste"": 200000}","[{""month"": 0, ""value"": 50000.0}, {""month"": 1, ""value"": 51500.0}, {""month"": 2, ""value"": 53000.0}, {""month"": 3, ""value"": 54500.0}, {""month"": 4, ""value"": 56000.0}, {""month"": 5, ""value"": 57500.0}, {""month"": 6, ""value"": 59000.0}, {""month"": 7, ""value"": 60500.0}, {""month"": 8, ""value"": 62000.0}, {""month"": 9, ""value"": 63500.0}, {""month"": 10, ""value"": 65000.0}, {""month"": 11, ""value"": 66500.0}]","[1.2, 0.9, 0.95, 1.0, 1.8, 1.6, 1.0, 1.7, 1.1, 1.1, 2.5, 2.2]"
